<img src="27D51.png"><br>𧵑	của<br>of; to belong to; properties, belongings
<img src="5427.png"><br>吧	và<br>and, also
<img src="2A700.png"><br>𪜀	là<br>to be (also 羅)
<img src="20B20.png"><br>𠬠	một<br>one
<img src="56FA.png"><br>固	có<br>there is; to have; sure, of course (also 𣎏)
<img src="4ECD.png"><br>仍	những<br>(plural marker); some; as many as
<img src="2029B.png"><br>𠊛	người<br>people; person; human
<img src="2029A.png"><br>𠊚	ngài<br>gentleman; Mr.
<img src="25A9D.png"><br>𥪝	trong<br>in; within
<img src="7279.png"><br>特	được<br>to get; to obtain; to be able to
<img src="7A7A.png"><br>空	không<br>no; not; without; (closed-question marker)
<img src="340C.png"><br>㐌	đã<br>already
<img src="201CD.png"><br>𠇍	mấy<br>(quite) a few, some; how many
<img src="5504.png"><br>唄	với<br>(together) with
<img src="6731.png"><br>朱	cho<br>to give; so that
<img src="5404.png"><br>各	các<br>each; every; all
<img src="788E.png"><br>碎	tôi<br>I, my, me
<img src="65BC.png"><br>於	ở<br>to be (somewhere); at; to live
<img src="7FC1.png"><br>翁	ông<br>man; Mr.
<img src="275F1.png"><br>𧗱	về<br>to return; about; (back) to
<img src="5E95.png"><br>底	để<br>to place; to set; to leave; to keep
<img src="62F1.png"><br>拱	cũng<br>also; too
<img src="2693E.png"><br>𦤾	đến<br>to arrive, to come
<img src="65E6.png"><br>旦	đán<br>【day, dawn, morning】*
<img src="5462.png"><br>呢	này<br>this; here
<img src="204E8.png"><br>𠓨	vào<br>in; into
<img src="215C9.png"><br>𡗉	nhiều<br>many; much; a lot of
<img src="5040.png"><br>偀	anh<br>elder brother
<img src="59AC.png"><br>妬	đó<br>there; that
<img src="5982.png"><br>如	như<br>as; like; alike; similar to
<img src="81EA.png"><br>自	tự<br>self
<img src="6B3A.png"><br>欺	khi<br>when, while; case, circumstance
<img src="2856D.png"><br>𨕭	trên<br>above; at the top
<img src="2B968.png"><br>𫥨	ra<br>to get out
<img src="264E1.png"><br>𦓡	mà<br>but
<img src="6C9B.png"><br>沛	phải<br>right; to have to; must; should
<img src="540F.png"><br>吏	lại<br>also; to come; again, re-...
<img src="7FA4.png"><br>群	còn<br>still; remaining; besides, also
<img src="20C4A.png"><br>𠱊	sẽ<br>to be going to; will; shall
<img src="3598.png"><br>㖘	thì<br>so, then; certainly
<img src="6642.png"><br>時	thì<br>【time; era, period】*
<img src="221A5.png"><br>𢆥	năm<br>year
<img src="722B.png"><br>爫	làm<br>to do; to make
<img src="8339.png"><br>茹	nhà<br>house; home; building
<img src="2825F.png"><br>𨉟	mình<br>we; us
<img src="20AFE.png"><br>𠫾	đi<br>to go, to walk; come on!
<img src="21975.png"><br>𡥵	con<br>child
<img src="5728.png"><br>在	tại<br>at, in; because, because of
<img src="20129.png"><br>𠄩	hai<br>two
<img src="88AB.png"><br>被	bị<br>to befall; (passive preposition)
<img src="5099.png"><br>備	bị<br>【to prepare】*
<img src="5F79.png"><br>役	việc<br>job; work; business
<img src="53EA.png"><br>只	chỉ<br>only; merely
<img src="4E8B.png"><br>事	sự<br>matter, business; occurrence, event
<img src="9076.png"><br>遶	theo<br>to follow; according to
<img src="4E10.png"><br>丐	cái<br>a; the; (numeral)
<img src="7232.png"><br>爲	vì<br>because; as; for
<img src="6B23.png"><br>欣	hơn<br>more than; better than
<img src="5450.png"><br>呐	nói<br>to speak; to say; to talk
<img src="59D1.png"><br>姑	cô<br>Ms., young woman; father's sister; husband's mother
<img src="2321C.png"><br>𣈜	ngày<br>day
<img src="3D4B.png"><br>㵋	mới<br>new; fresh
<img src="285B2.png"><br>𨖲	lên<br> to rise; to ascend; to go up
<img src="6144.png"><br>慄	rất<br>very; quite
<img src="6236.png"><br>戶	họ<br>they
<img src="5A46.png"><br>婆	bà<br>woman; Mrs.
<img src="5C40.png"><br>局	cuộc<br>match, game; 【circumstances】*
<img src="518C.png"><br>册	sách<br>book
<img src="9285.png"><br>銅	đồng<br>copper; brass; bronze; coin, money
<img src="540C.png"><br>同	đồng<br>same; similar; Dong (Vietnamese currency unit)
<img src="578C.png"><br>垌	đồng<br>field; countryside, country; rural
<img src="21890.png"><br>𡢐	sau<br>after; following
<img src="7576.png"><br>當	đang<br>currently; just; now
<img src="548D.png"><br>咍	hay<br>or; good; well
<img src="24BE9.png"><br>𤯩	sống<br>to live; alive; raw
<img src="5E74.png"><br>年	niên<br>【year】*
<img src="229DA.png"><br>𢧚	nên<br>to ought to, shall; to become
<img src="522B.png"><br>别	biết<br>to know
<img src="2784A.png"><br>𧡊	thấy<br>to see; to feel
<img src="8012.png"><br>耒	rồi<br>already; then; after
<img src="8AA0.png"><br>誠	thành<br>sincere; honest
<img src="57CE.png"><br>城	thành<br>citadel; city
<img src="6210.png"><br>成	thành<br>to become; to change into
<img src="543B.png"><br>吻	vẫn<br>still, yet
<img src="606A.png"><br>恪	khác<br>other; another; further
<img src="2013C.png"><br>𠄼	năm<br>five
<img src="6E03.png"><br>渃	nước<br>water; country; nation
<img src="4F2E.png"><br>伮	nó<br>he, she, it (colloquial)
<img src="7D30.png"><br>細	tới<br>to arrive, to come
<img src="6208.png"><br>戈	qua<br>to cross; to pass
<img src="54FF.png"><br>哿	cả<br>all; in total; completely
<img src="5171.png"><br>共	cộng<br>to add (up); addition
<img src="4E4B.png"><br>之	gì<br>what
<img src="4F4E.png"><br>低	đây<br>here; this
<img src="6570.png"><br>数	số<br>number; fate
<img src="6B72.png"><br>歲	tuổi<br>age; year of age
<img src="6B21.png"><br>次	thứ<br>order, rank; sort, type, category; next, subsequent
<img src="65D7.png"><br>旗	cờ<br>flag, banner
<img src="671F.png"><br>期	kỳ<br>【period, time, age】*
<img src="5947.png"><br>奇	kỳ<br>strange; unusual
<img src="573B.png"><br>圻	kỳ<br>【border, boundary】*
<img src="36EA.png"><br>㛪	em<br>younger sibling
<img src="4E00.png"><br>一	nhất<br>first; most (adverb for superlatives)
<img src="204C0.png"><br>𠓀	trước<br>before; ahead (of)
<img src="4F34.png"><br>伴	bạn<br>friend; fellow; comrade
<img src="610F.png"><br>意	ý<br>idea, opinion, thought; Italy; italian
<img src="5F71.png"><br>影	ảnh<br>image, photo
<img src="51ED.png"><br>凭	bằng<br>with, by means of, using; diploma, certificate; evidence, proof
<img src="5E73.png"><br>平	bình<br>equal, 【flat, even, level; peaceful】*
<img src="670B.png"><br>朋	bằng<br>【friend, comrade, pal】*
<img src="8287.png"><br>芇	nào<br>which; any
<img src="982D.png"><br>頭	đầu<br>head; top (of a multitude)
<img src="6295.png"><br>投	đầu<br>【to throw, to fling, to send】*
<img src="962E.png"><br>阮	nguyễn<br>(surname Nguyen)
<img src="54F4.png"><br>哴	rằng<br>that; so that
<img src="9769.png"><br>革	cách<br>【reform; revolution】*
<img src="683C.png"><br>格	cách<br>way; method; manner
<img src="66F0.png"><br>曰	viết<br>to write, to record; pen
<img src="5C0B.png"><br>尋	tìm<br>to search, to look for
<img src="23176.png"><br>𣅶	lúc<br>moment, time
<img src="674E.png"><br>李	lý<br>(surname)
<img src="7406.png"><br>理	lý<br>logic; reason
<img src="6B63.png"><br>正	chính<br>main
<img src="653F.png"><br>政	chính<br>government; political affairs
<img src="27607.png"><br>𧘇	ấy<br>that
<img src="23383.png"><br>𣎃	tháng<br>month
<img src="6703.png"><br>會	hội<br>to meet; meeting
<img src="61A2.png"><br>憢	nhau<br>one another, each another, together
<img src="235D3.png"><br>𣗓	chưa<br>not yet; already (used in questions)
<img src="541D.png"><br>吝	lần<br>time, times
<img src="7531.png"><br>由	do<br>reason; cause
<img src="230E3.png"><br>𣃣	vừa<br>suitable, fitting
<img src="3996.png"><br>㦖	muốn<br>to desire, to want, to wish
<img src="6587.png"><br>文	văn<br>literature; culture
<img src="5DE5.png"><br>工	công<br>work; labour
<img src="6372.png"><br>捲	cuốn<br>to roll up, to curl up, to convolve
<img src="5377.png"><br>卷	quyển<br>book, volume (publishing)
<img src="8ABF.png"><br>調	đều<br>even; equally
<img src="689D.png"><br>條	điều<br>occurrence; condition; terms
<img src="82B1.png"><br>花	hoa<br>flower
<img src="83EF.png"><br>華	hoa<br>chinese
<img src="2162F.png"><br>𡘯	lớn<br>big; large
<img src="57C3.png"><br>埃	ai<br>who; someone, somebody
<img src="20027.png"><br>𠀧	ba<br>three
<img src="7238.png"><br>爸	ba<br>father
<img src="35C2.png"><br>㗂	tiếng<br>sound; noise; language
<img src="5802.png"><br>堂	đường<br>【house, bureau, palace】*
<img src="5858.png"><br>塘	đường<br>street; road; way; route
<img src="7CD6.png"><br>糖	đường<br>sugar
<img src="4E16.png"><br>世	thế<br>world; era
<img src="66FF.png"><br>替	thế<br>to substitute; to replace
<img src="52E2.png"><br>勢	thế<br>such, so; 【condition, appearance; position, influence, impetus, power】*
<img src="66FE.png"><br>曾	từng<br>【ever; already】*
<img src="2B8A9.png"><br>𫢩	nay<br>this (year or day); now; today
<img src="576D.png"><br>坭	nơi<br>place, location, site
<img src="5F62.png"><br>形	hình<br>appearance, shape; picture, photo
<img src="524D.png"><br>前	tiền<br>front
<img src="9322.png"><br>錢	tiền<br>money, currency
<img src="4E9B.png"><br>些	ta<br>we, us
<img src="5357.png"><br>南	nam<br>south; southern
<img src="8D8A.png"><br>越	việt<br>vietnamese
<img src="4E2D.png"><br>中	trung<br>center; central; Chinese
<img src="20BA9.png"><br>𠮩	nếu<br>if
<img src="25637.png"><br>𥘷	trẻ<br>young; children
<img src="20E1C.png"><br>𠸜	tên<br>name
<img src="253CC.png"><br>𥏌	tên<br>arrow
<img src="5BE6.png"><br>實	thật<br>true, real, actual
<img src="5A84.png"><br>媄	mẹ<br>mother; mom
<img src="52E4.png"><br>勤	cần<br>to need
<img src="2102F.png"><br>𡀯	chuyện<br>matter; talk, story
<img src="6BCF.png"><br>每	mỗi<br>each, every
<img src="8292.png"><br>芒	mang<br>to carry; to wear
<img src="59C9.png"><br>姉	chị<br>sister; young woman
<img src="8ECA.png"><br>車	xe<br>vehicle; car
<img src="79AE.png"><br>禮	lễ<br>holiday; festival; 【manners, courtesy, etiquette】*
<img src="8FFB.png"><br>迻	đưa<br>to give
<img src="251BE.png"><br>𥆾	nhìn<br>to look
<img src="570B.png"><br>國	quốc<br> 【country, nation】*
<img src="6DFB.png"><br>添	thêm<br>to add, to increase; additional
<img src="9AD8.png"><br>高	cao<br>high; tall
<img src="6B65.png"><br>步	bộ<br>【to step, to walk】*
<img src="90E8.png"><br>部	bộ<br>set; part, section, division
<img src="96BB.png"><br>隻	chiếc<br>unit, entity, object; (classifier for vehicles or certain objects)
<img src="247A6.png"><br>𤞦	mọi<br>each, every
<img src="66F8.png"><br>書	thư<br>letter; 【book】*
<img src="5E40.png"><br>幀	tranh<br>picture, painting, scroll
<img src="722D.png"><br>爭	tranh<br>to compete, to fight
<img src="22B23.png"><br>𢬣	tay<br>arm; hand; side
<img src="22759.png"><br>𢝙	vui<br>amusing, funny, merry, joyful, gay
<img src="4FE1.png"><br>信	tin<br>to believe; news, information
<img src="5400.png"><br>吀	xin<br>to beg; to ask for
<img src="6C11.png"><br>民	dân<br>people; citizen
<img src="7701.png"><br>省	tỉnh<br>province
<img src="904E.png"><br>過	quá<br>very; too (much); to exceed, to pass
<img src="54B9.png"><br>咹	ăn<br>to eat
<img src="8981.png"><br>要	yêu<br>【to need, to require, to demand; necessary】*
<img src="22785.png"><br>𢞅	yêu<br>to love
<img src="21A0C.png"><br>𡨌	giữa<br>between, in the middle of, amid
<img src="21795.png"><br>𡞕	vợ<br>wife
<img src="8B80.png"><br>讀	đọc<br>to read
<img src="23A42.png"><br>𣩂	chết<br>death; to die
<img src="9577.png"><br>長	trưởng<br>leader
<img src="5834.png"><br>場	trường<br>school; field; ground
<img src="822A.png"><br>航	hàng<br>【sail; navigate】*
<img src="884C.png"><br>行	hàng<br>line, row; rank, order; goods, wares, merchandise
<img src="25669.png"><br>𥙩	lấy<br>to take
<img src="26591.png"><br>𦖑	nghe<br>to hear
<img src="228B2.png"><br>𢢲	đẹp<br>beautyful
<img src="5B57.png"><br>字	tự<br>character; letter; word
<img src="2089E.png"><br>𠢞	giúp<br>to help, to assist
<img src="21B88.png"><br>𡮈	nhỏ<br>small
<img src="59C5.png"><br>姅	nửa<br>half
<img src="20BC6.png"><br>𠯆	nữa<br>more, further
<img src="5E38.png"><br>常	thường<br>frequent; common, normal, usual
<img src="5B78.png"><br>學	học<br>to learn, to study
<img src="6771.png"><br>東	đông<br>east; eastern
<img src="2014D.png"><br>𠅍	mất<br>to lose; lost; to die, to vanish
<img src="2845C.png"><br>𨑜	xuống<br>to descend; to go down
<img src="5766.png"><br>坦	đất<br>earth; soil; land; ground
<img src="534A.png"><br>半	bán<br>【half, semi-】*
<img src="27E1D.png"><br>𧸝	bán<br>to sell
<img src="4F75.png"><br>併	tính<br>to calculate; to plan
<img src="5C0D.png"><br>對	đối<br>facing, opposing
<img src="985E.png"><br>類	loại<br>class, group, kind, category
<img src="6216.png"><br>或	hoặc<br>or; either
<img src="29218.png"><br>𩈘	mặt<br>face
<img src="4021.png"><br>䀡	xem<br>to see, to observe
<img src="60C5.png"><br>情	tình<br>feeling, emotion
<img src="5916.png"><br>外	ngoài<br>out; outside; external
<img src="8FB9.png"><br>边	bên<br>side; edge
<img src="7262.png"><br>牢	sao<br>how
<img src="232C0.png"><br>𣋀	sao<br>star
<img src="24018.png"><br>𤀘	vùng<br>region, area
<img src="4E15.png"><br>丕	vậy<br>so; thus
<img src="5F35.png"><br>張	trương<br>(surname); 【to open up, to spread, to extend】*
<img src="599D.png"><br>妝	trang<br>【to dress up, to make up】*
<img src="20CD2.png"><br>𠳒	lời<br>word
<img src="6B47.png"><br>歇	hết<br>to be over; to end; to expire; to be used up
<img src="9673.png"><br>陳	trần<br>(surname Tran)
<img src="8A8D.png"><br>認	nhận<br>to agree, to accept; to recognize
<img src="515C.png"><br>兜	đâu<br>where; somewhere
<img src="8072.png"><br>聲	thanh<br>sound, voice, noise
<img src="6E05.png"><br>清	thanh<br>pure, clear, clean
<img src="9752.png"><br>青	thanh<br>juvenile; 【green, blue】*
<img src="53E4.png"><br>古	cổ<br>old, ancient, antique
<img src="24CC4.png"><br>𤳄	bởi<br>because
<img src="226B8.png"><br>𢚸	lòng<br>soul, mind, heart; feeling
<img src="5E45.png"><br>幅	bức<br>painting, photograph, piece
<img src="5146.png"><br>兆	triệu<br>million
<img src="2398D.png"><br>𣦍	ngay<br>straight, direct
<img src="27D46.png"><br>𧵆	gần<br>near; nearly, almost
<img src="27DF8.png"><br>𧷸	mua<br>to buy
<img src="7528.png"><br>用	dụng<br>to use, to employ
<img src="2BBF3.png"><br>𫯳	chồng<br>husband
<img src="91CD.png"><br>重	trọng<br>to value, to respect; 【weight, heavy】*
<img src="5206.png"><br>分	phần<br>part, portion, piece (of a whole)
<img src="5973.png"><br>女	nữ<br>【female, woman】*
<img src="27FE8.png"><br>𧿨	trở<br>to turn, to change
<img src="66E0.png"><br>曠	khoảng<br>about, circa; space, distance, interval; period (time)
<img src="20E25.png"><br>𠸥	kể<br>to tell; in relation to, with respect to
<img src="95DC.png"><br>關	quan<br>【frontier, barrier, gate】*
<img src="89C0.png"><br>觀	quan<br> 【to see】*
<img src="7121.png"><br>無	vô<br>【non-, negative】*
<img src="54E1.png"><br>員	viên<br>member; employee; personnel
<img src="6E56.png"><br>湖	hồ<br>lake
<img src="7CCA.png"><br>糊	hồ<br>glue; to glue
<img src="62E0.png"><br>拠	cứ<br>to continue, to keep on; 【ground, base】*
<img src="5ECA.png"><br>廊	làng<br>village
<img src="6625.png"><br>春	xuân<br>spring (season)
<img src="228C2.png"><br>𢣂	nghĩ<br>to think
<img src="5831.png"><br>報	báo<br>to report, to tell; newspaper
<img src="7248.png"><br>版	bản<br>copy, edition; printing blocks
<img src="672C.png"><br>本	bản<br>【root, origin, source; basis】*
<img src="9069.png"><br>適	thích<br>to like
<img src="91CB.png"><br>釋	thích<br>【to explain】*
<img src="50B7.png"><br>傷	thương<br>to be fond of, to love
<img src="7E3D.png"><br>總	tổng<br>【altogether】*
<img src="23603.png"><br>𣘃	cây<br>tree, plant
<img src="6838.png"><br>核	hạch<br>nucleus
<img src="50B3.png"><br>傳	truyện<br>story
<img src="20040.png"><br>𠁀	đời<br>existence; world; generation; era
<img src="24C82.png"><br>𤲂	dưới<br>below; at the bottom
<img src="6CD5.png"><br>法	pháp<br>law; France; french
<img src="5FC3.png"><br>心	tâm<br>【heart; mind】*
<img src="8CD6.png"><br>賖	xa<br>far, distant
<img src="FA24.png"><br>﨤	gặp<br>to meet, to encounter
<img src="771C.png"><br>眜	mắt<br>eye; expensive
<img src="5317.png"><br>北	bắc<br>north; northern
<img src="660E.png"><br>明	minh<br>【bright; clear】*
<img src="5143.png"><br>元	nguyên<br>whole, entire; 【original, initial, source, root】*
<img src="56DB.png"><br>四	tư<br>【four】*
<img src="20DA2.png"><br>𠶢	dù<br>however, though
<img src="6CB9.png"><br>油	dầu<br>oil, fat, grease
<img src="50F9.png"><br>價	giá<br>price, value
<img src="213A5.png"><br>𡎥	ngồi<br>to sit
<img src="4EE3.png"><br>代	đại<br>【era, generation】*
<img src="5927.png"><br>大	đại<br>【big; great; very, much】*
<img src="231DE.png"><br>𣇞	giờ<br>time
<img src="8EAB.png"><br>身	thân<br>body; trunk; intimate, close
<img src="26627.png"><br>𦘧	vẽ<br>to draw, to paint
<img src="8F2A.png"><br>輪	luôn<br>directly, right away; also, too; often; 【wheel, disk; revolve, recur】*
<img src="53F8.png"><br>司	ty<br>service, administration; 【to manage, to govern, to regulate】*
<img src="216D4.png"><br>𡛔	gái<br>female; girl
<img src="9020.png"><br>造	tạo<br>to create; to make; to form
<img src="232DA.png"><br>𣋚	hôm<br>day
<img src="52A1.png"><br>务	mùa<br>season; time; tide
<img src="5E84.png"><br>庄	chẳng<br>not at all
<img src="63A8.png"><br>推	thôi<br>to stop, no more; only, just; enough!
<img src="725F.png"><br>牟	màu<br>color
<img src="22CA7.png"><br>𢲧	gây<br>to quarrel; to cause, to excite, to initiate
<img src="89E3.png"><br>解	giải<br>to solve, to answer, to explain
<img src="53E5.png"><br>句	câu<br>sentence
<img src="5FB7.png"><br>德	đức<br>virtue, ethics, morality; Germany, german
<img src="9EDE.png"><br>點	điểm<br>point, mark, score
<img src="21A39.png"><br>𡨹	giữ<br>to keep; to retain; to hold; to maintain
<img src="5352.png"><br>卒	tốt<br>good, well, fine; 【finally, at last】*
<img src="52D9.png"><br>務	vụ<br>【matter, affair, business】*
<img src="20066.png"><br>𠁦	trúng<br>exactly, correct; to hit, to impact
<img src="215F6.png"><br>𡗶	trời<br>sky; heaven; weather
<img src="225B5.png"><br>𢖵	nhớ<br>to remember; to recall; to call in mind
<img src="20CE8.png"><br>𠳨	hỏi<br>to ask; to question, to inquire
<img src="268F0.png"><br>𦣰	nằm<br>to lie down
<img src="60F3.png"><br>想	tưởng<br>to think
<img src="6C94.png"><br>沔	miền<br>region; district
<img src="5C6C.png"><br>屬	thuộc<br>to belong to, subordinate of; to know by heart; to tan
<img src="6CE8.png"><br>注	chú<br>uncle; 【to focus, to concentrate】*
<img src="6392.png"><br>排	bài<br>lecture
<img src="28585.png"><br>𨖅	sang<br>to cross; to transfer; across, over
<img src="9404.png"><br>鐄	vàng<br>gold; yellow
<img src="65EC.png"><br>旬	tuần<br>week; ten-day period
<img src="773E.png"><br>眾	chúng<br>masses; multitude
<img src="236E0.png"><br>𣛠	máy<br>machine; engine
<img src="91D1.png"><br>金	kim<br>【gold, metal】*
<img src="4ECA.png"><br>今	kim<br>【today】*
<img src="73E0.png"><br>珠	châu<br>【gem, pearl, precious stone】*
<img src="6D32.png"><br>洲	châu<br>continent
<img src="5C71.png"><br>山	sơn<br>【mountain; mountains】*
<img src="21959.png"><br>𡥙	cháu<br>grandchild, grandchildren, grandson, granddaughter
<img src="83ED.png"><br>菭	đầy<br>full, completely filled
<img src="65E5.png"><br>日	nhật<br>sun; Japan; japanese
<img src="20042.png"><br>𠁂	đứa<br>(person of low rank), bloke, lad, guy
<img src="28C7D.png"><br>𨱽	dài<br>long
<img src="6A02.png"><br>樂	nhạc<br>music
<img src="73ED.png"><br>班	ban<br>time, shift
<img src="90FD.png"><br>都	đô<br>【capital city, metropolis】*
<img src="23380.png"><br>𣎀	đêm<br>night
<img src="5A18.png"><br>娘	nàng<br>she; her
<img src="8A66.png"><br>試	thi<br>to compete, to race, to take an examination
<img src="8A69.png"><br>詩	thi<br>poetry
<img src="66C9.png"><br>曉	hiểu<br>to understand
<img src="897F.png"><br>西	tây<br>west; western
<img src="5660.png"><br>噠	đặt<br>to order, to command; to invent
<img src="8A55.png"><br>評	bình<br>【to criticize】*
<img src="74F6.png"><br>瓶	bình<br>vase, vessel, jar
<img src="28DF6.png"><br>𨷶	cửa<br>door, gate, entrance
<img src="7FA9.png"><br>義	nghĩa<br>meaning
<img src="20B03.png"><br>𠬃	bỏ<br>to leave, to abandon, to neglect; to let, to put
<img src="25E70.png"><br>𥹰	lâu<br>long, long time, long while
<img src="9632.png"><br>防	phòng<br>【to prevent】*
<img src="623F.png"><br>房	phòng<br>room, chamber
<img src="4F4D.png"><br>位	vị<br>【measure word for persons; throne; seat; rank, status】*
<img src="5473.png"><br>味	vị<br>【flavor, taste】*
<img src="20E72.png"><br>𠹲	chứ<br>certainly, of course
<img src="215CB.png"><br>𡗋	lắm<br>very
<img src="21982.png"><br>𡦂	chữ<br>letter (of a script or alphabet); writing system, script; word
<img src="584A.png"><br>塊	khỏi<br>to escape, to prevent
<img src="23DF7.png"><br>𣷷	biển<br>ocean
<img src="79CB.png"><br>秋	thu<br>autumn, fall
<img src="6C42.png"><br>求	cầu<br>【to seek, to demand】*
<img src="2439C.png"><br>𤎜	sáng<br>bright, light, clear; morning
<img src="27F0B.png"><br>𧼋	chạy<br>to run
<img src="8E4E.png"><br>蹎	chân<br>foot, leg
<img src="7A0B.png"><br>程	trình<br>schedule, agenda
<img src="5448.png"><br>呈	trình<br>to submit, to show, to present
<img src="2AC02.png"><br>𪰂	phía<br>direction, way
<img src="24930.png"><br>𤤰	vua<br>king
<img src="4EC1.png"><br>仁	nhân<br>kernel, filling; 【humane】*
<img src="4EBA.png"><br>人	nhân<br>【person, people; man, mankind】*
<img src="4FDD.png"><br>保	bảo<br>【to protect, to safeguard】*
<img src="20E12.png"><br>𠸒	bảo<br>to say
<img src="540D.png"><br>名	danh<br>name
<img src="5340.png"><br>區	khu<br>area, district, zone
<img src="7ACB.png"><br>立	lập<br>to form, to establish, to set up
<img src="8853.png"><br>術	thuật<br>art, technique
<img src="8CF4.png"><br>賴	trái<br>left; to the left
<img src="236E4.png"><br>𣛤	trái<br>fruit
<img src="5F37.png"><br>強	càng<br>the ... the; all the more
<img src="7389.png"><br>玉	ngọc<br>gemstone, gem, jewel
<img src="5BA2.png"><br>客	khách<br>guest, visitor
<img src="5672.png"><br>噲	gọi<br>to call
<img src="9F8D.png"><br>龍	rồng<br>dragon
<img src="6B31.png"><br>欱	hát<br>to sing
<img src="559D.png"><br>喝	hét<br>to scream, to cry
<img src="20127.png"><br>𠄧	vài<br>some, several, quite a few
<img src="7D71.png"><br>統	thống<br>【to unite; to control】*
<img src="28DD1.png"><br>𨷑	mở<br>to open
<img src="671D.png"><br>朝	chiều<br>direction; dimension, side
<img src="516C.png"><br>公	công<br>public; common
<img src="28008.png"><br>𨀈	bước<br>step, pace; to step, to pace
<img src="7D42.png"><br>終	chung<br>common, general, public, shared
<img src="5C11.png"><br>少	thiếu<br>to lack
<img src="73FE.png"><br>現	hiện<br>to appear
<img src="28178.png"><br>𨅸	đứng<br>to stand
<img src="6252.png"><br>扒	bắt<br>to catch
<img src="5B5F.png"><br>孟	mạnh<br>strong, powerful
<img src="21BA3.png"><br>𡮣	bé<br>small, little, tiny
<img src="5E02.png"><br>市	thị<br>【city; market; town; trade】*
<img src="8996.png"><br>視	thị<br>【to look, to see】*
<img src="793A.png"><br>示	thị<br>【to show, to demonstrate】*
<img src="6025.png"><br>急	gấp<br>pressing, urgent, hurry
<img src="7D1A.png"><br>級	cấp<br>rank, level, class; (school) grade
<img src="548C.png"><br>和	hoà<br>【harmony, peace】*
<img src="231DC.png"><br>𣇜	buổi<br>time of day; time, period, duration; working shift
<img src="22782.png"><br>𢞂	buồn<br>sad, melancholic
<img src="862D.png"><br>蘭	lan<br>orchid
<img src="8DE2.png"><br>跢	đá<br>to kick
<img src="254A5.png"><br>𥒥	đá<br>stone; rock
<img src="8205.png"><br>舅	cậu<br>uncle (mother's brother); young man
<img src="28508.png"><br>𨔈	chơi<br>to play
<img src="5236.png"><br>制	chế<br>to prepare (medicine); to pour (water); 【to regulate; system】*
<img src="7269.png"><br>物	vật<br>thing, object
<img src="2B1F0.png"><br>𫇰	cũ<br>old; ancient; second-hand
<img src="9023.png"><br>連	liên<br>【to connect】*
<img src="806F.png"><br>聯	liên<br>【to join, to associate】*
<img src="2263E.png"><br>𢘾	nhờ<br>to commission, to resort to; thanks to, owing to
<img src="5412.png"><br>吒	cha<br>father
<img src="5BB6.png"><br>家	gia<br>【house, home; family】*
<img src="52A0.png"><br>加	gia<br>to increase, to add
<img src="96FB.png"><br>電	điện<br>electricity
<img src="9109.png"><br>鄉	hương<br>【rural, village】*
<img src="9999.png"><br>香	hương<br>perfume; fragrancy
<img src="205A4.png"><br>𠖤	bay<br>to fly
<img src="225FC.png"><br>𢗼	lo<br>to worry, to take care of
<img src="968A.png"><br>隊	đội<br>to wear (on the head); team
<img src="212B2.png"><br>𡊲	chỗ<br>place, space, room, spot
<img src="5B9A.png"><br>定	định<br>to intend to, to decide
<img src="552D.png"><br>唭	cười<br>to laugh; to smile
<img src="751F.png"><br>生	sinh<br>life; birth
<img src="592A.png"><br>太	thái<br>【very, much; big; extreme】*
<img src="5EA6.png"><br>度	độ<br>degree, measure
<img src="215A1.png"><br>𡖡	nhóm<br>to group, to aggregate, to concentrate
<img src="2B005.png"><br>𫀅	coi<br>to look; to watch
<img src="8ECD.png"><br>軍	quân<br>army, military
<img src="245B9.png"><br>𤖹	lớp<br>class; layer, coat
<img src="209B3.png"><br>𠦳	nghìn<br>thousand
<img src="5B89.png"><br>安	an<br>safe; secure; peaceful
<img src="4EC9.png"><br>仉	kẻ<br>man, person, he
<img src="75C5.png"><br>病	bệnh<br>ill, sick; disease
<img src="6D0B.png"><br>洋	dương<br>ocean, sea
<img src="5F8A.png"><br>徊	hồi<br>time, period; when, at (some time)
<img src="56DE.png"><br>回	hồi<br>to return
<img src="85DD.png"><br>藝	nghề<br>work, craft; occupation, profession
<img src="2029F.png"><br>𠊟	thằng<br>guy, boy, man; (form of address for male third-person, singular)
<img src="5806.png"><br>堆	đôi<br>pair, couple; double
<img src="20B64.png"><br>𠭤	trả<br>to return, to pay back
<img src="5168.png"><br>全	toàn<br>all, whole, entire
<img src="6700.png"><br>最	tối<br>night; dark; obscure; 【extremely, exceedingly】*
<img src="6EDD.png"><br>滝	sông<br>river
<img src="7D05.png"><br>紅	hồng<br>rose, pink; rosy
<img src="5370.png"><br>印	in<br>to print
<img src="6253.png"><br>打	đánh<br>to beat, to hit; to fight, to combat, to play
<img src="200E3.png"><br>𠃣	ít<br>less; little; few
<img src="98DB.png"><br>飛	phi<br>【to fly】*
<img src="7B95.png"><br>箕	kia<br>that, the other
<img src="4F2F.png"><br>伯	bác<br>uncle; aunt
<img src="535A.png"><br>博	bác<br>【extensive, comprehensive, wide, broad, rich; to gamble】*
<img src="825A.png"><br>艚	tàu<br>ship, boat
<img src="90A6.png"><br>邦	bang<br>nation, country, state
<img src="58EB.png"><br>士	sĩ<br>scholar; feudal intellectual
<img src="8B66.png"><br>警	cảnh<br>【guard】*
<img src="666F.png"><br>景	cảnh<br>scene, scenery; landscape
<img src="9810.png"><br>預	dự<br>【before, in advance】*
<img src="5316.png"><br>化	hoá<br>to become, to change, to transform
<img src="24F78.png"><br>𤽸	trắng<br>white, clear, bare, blank
<img src="9EE8.png"><br>黨	đảng<br>party; gang, band
<img src="82E6.png"><br>苦	khổ<br>painful, hard, bitter
<img src="27077.png"><br>𧁷	khó<br>difficult
<img src="547D.png"><br>命	mạng<br>fate; destiny
<img src="754C.png"><br>界	giới<br>limit; world; society
<img src="963F.png"><br>阿	a<br>【prefix in people's name】*
<img src="5068.png"><br>偨	thầy<br>teacher, master; father, dad
<img src="245F2.png"><br>𤗲	tấm<br>board, tile, sheet; mat, blanket, cover
<img src="7CDD.png"><br>糝	tấm<br>broken rice
<img src="242A1.png"><br>𤊡	bóng<br>lustrous, glossy, glittering, sparkling, radiant
<img src="23216.png"><br>𣈖	bóng<br>ball, bulb
<img src="290F3.png"><br>𩃳	bóng<br>shadow; reflection (of an image)
<img src="43FE.png"><br>䏾	bụng<br>abdomen
<img src="6255.png"><br>払	chàng<br>young gentleman; large bladed chisel
<img src="27184.png"><br>𧆄	thuốc<br>medicine, remedy, medicament; drug
<img src="8956.png"><br>襖	áo<br>blouse, shirt, jacket
<img src="5965.png"><br>奥	áo<br>Austria; austrian
<img src="20E17.png"><br>𠸗	xưa<br>ancient, old
<img src="528D.png"><br>劍	kiếm<br>sword
<img src="505C.png"><br>停	đừng<br>don't, do not
<img src="5EAD.png"><br>庭	đình<br>communal house in the village
<img src="5149.png"><br>光	quang<br>clear; brilliant
<img src="863F.png"><br>蘿	lá<br>leaf
<img src="20E7E.png"><br>𠹾	chịu<br>to sustain, to accept, to bear, to stand
<img src="8070.png"><br>聰	thông<br>【intelligent; bright】*
<img src="901A.png"><br>通	thông<br>【clear, open; common; to communicate】*
<img src="8CA1.png"><br>財	tài<br>【wealth, richness】*
<img src="6750.png"><br>材	tài<br>【material, stuff】*
<img src="624D.png"><br>才	tài<br>talent, gift
<img src="5B50.png"><br>子	tử<br>【child】*
<img src="5BD4.png"><br>寔	thiệt<br>really; true, real, genuine
<img src="43E7.png"><br>䏧	da<br>skin; leather; pelt
<img src="6CB3.png"><br>河	hà<br>river
<img src="6B0A.png"><br>權	quyền<br>right, power; authority
<img src="7BC0.png"><br>節	tết<br>festival, holiday
<img src="24F93.png"><br>𤾓	trăm<br>hundred
<img src="264C5.png"><br>𦓅	già<br>old, aged
<img src="72AF.png"><br>犯	phạm<br>to violate, to offend, to commit (a crime)
<img src="2A773.png"><br>𪝳	hắn<br>he; him (derogatory)
<img src="63A5.png"><br>接	tiếp<br>to continue, to proceed; to connect
<img src="9663.png"><br>陣	trận<br>battle, fight
<img src="885D.png"><br>衝	xong<br>ready, finished, complete
<img src="8B6F.png"><br>譯	dịch<br>to translate, to decode
<img src="9662.png"><br>院	viện<br>institute; court
<img src="6491.png"><br>撑	xanh<br>green; blue
<img src="25409.png"><br>𥐉	ngắn<br>short; abbreviate
<img src="2629A.png"><br>𦊚	bốn<br>four
<img src="53C3.png"><br>參	tham<br>【to take part, to attend】*
<img src="8CAA.png"><br>貪	tham<br>to be greedy, to crave something
<img src="738B.png"><br>王	vương<br>【king, ruler; royal】*
<img src="795E.png"><br>神	thần<br>【spirit, supernatural being】*
<img src="6613.png"><br>易	dễ<br>easy
<img src="56C9.png"><br>囉	la<br>to shout, to cry
<img src="63A2.png"><br>探	thăm<br>to visit
<img src="5EAF.png"><br>庯	phố<br>street that is built-up on both sides; avenue, boulevard
<img src="9EF0.png"><br>黰	đen<br>black
<img src="5F0F.png"><br>式	thức<br>【type, style; system, formula】*
<img src="9053.png"><br>道	đạo<br>method, way; road, street
<img src="5716.png"><br>圖	đồ<br>thing, object; 【chart, map】*
<img src="9014.png"><br>途	đồ<br>【way, road, path】*
<img src="57FA.png"><br>基	cơ<br>【foundation, base】*
<img src="6A5F.png"><br>機	cơ<br>opportunity; 【machine, engine】*
<img src="6D77.png"><br>海	hải<br>【sea, ocean】*
<img src="4F48.png"><br>佈	bố<br>【publicize, announce】*
<img src="5E03.png"><br>布	bố<br>linen, canvas, heavy duty fabric
<img src="2209E.png"><br>𢂞	bố<br>father, dad
<img src="2271D.png"><br>𢜝	sợ<br>to fear, to be afraid
<img src="5929.png"><br>天	thiên<br>【sky, heaven】*
<img src="4E3B.png"><br>主	chủ<br>owner; chief; lord
<img src="2847B.png"><br>𨑻	đem<br>to bring; to carry
<img src="57CB.png"><br>埋	mai<br>【to bury】*
<img src="227D8.png"><br>𢟘	chắc<br>sure; solid, firm, steady
<img src="5FD7.png"><br>志	chí<br>will, ambition
<img src="3575.png"><br>㕵	uống<br>to drink
<img src="6307.png"><br>指	chỉ<br>to show, to indicate, to instruct
<img src="96D6.png"><br>雖	tuy<br>though
<img src="624B.png"><br>手	thủ<br>【hand】*
<img src="9996.png"><br>首	thủ<br>【head】*
<img src="9ED8.png"><br>默	mặc<br>【silent, quiet; dark】*
<img src="27E7C.png"><br>𧹼	đỏ<br>red
<img src="6CE3.png"><br>泣	khắp<br>all, all of
<img src="550F.png"><br>唏	hơi<br>steam, air, gas; a little bit, slightly
<img src="5E1D.png"><br>帝	đấy<br>there
<img src="793E.png"><br>社	xã<br>【society, company】*
<img src="652F.png"><br>支	chi<br>to spend money, to pay
<img src="21D80.png"><br>𡶀	núi<br>mountain; hill
<img src="264B9.png"><br>𦒹	sáu<br>six
<img src="65B9.png"><br>方	phương<br>direction
<img src="7D19.png"><br>紙	giấy<br>paper
<img src="2C65E.png"><br>𬙞	bảy<br>seven
<img src="29D5C.png"><br>𩵜	cá<br>fish
<img src="4E9E.png"><br>亞	Á<br>Asia (continent)
<img src="53F0.png"><br>台	thay<br>to change, to replace
<img src="28887.png"><br>𨢇	rượu<br>liquor
<img src="606F.png"><br>息	tức<br>angry, upset; 【to rest, to end, to cease】*
<img src="216A2.png"><br>𡚢	to<br>big, large, wide
<img src="20173.png"><br>𠅳	quên<br>to forget
<img src="5F15.png"><br>引	dẫn<br>to conduct, to guide, to escort
<img src="5F8B.png"><br>律	luật<br>law, rule, regulation
<img src="4E0A.png"><br>上	thượng<br>【top, above, superior】*
<img src="4B14.png"><br>䬔	gió<br>wind; air
<img src="5F90.png"><br>徐	chờ<br>to wait
<img src="898B.png"><br>見	kiến<br>【to see】*
<img src="52D5.png"><br>動	động<br>to move
<img src="202E5.png"><br>𠋥	mày<br>you, your (informal)
<img src="642C.png"><br>搬	bàn<br>【to transfer, to move】*
<img src="76E4.png"><br>盤	bàn<br>table; to discuss
<img src="5CF6.png"><br>島	đảo<br>island
<img src="29179.png"><br>𩅹	mưa<br>rain
<img src="696D.png"><br>業	nghiệp<br>profession; trade
<img src="202FA.png"><br>𠋺	tao<br>I, me, my (colloquial)
<img src="2846E.png"><br>𨑮	mười<br>ten
<img src="25A6F.png"><br>𥩯	dựng<br>to erect, to raise, to set up, to put up
<img src="20C3A.png"><br>𠰺	dạy<br>to teach, to educate, to train
<img src="7D93.png"><br>經	kinh<br>classic works, prayer book
<img src="5C07.png"><br>將	tướng<br>officer, general; minister
<img src="7DA0.png"><br>綠	lục<br>green
<img src="2512C.png"><br>𥄬	ngủ<br>to sleep, asleep
<img src="969B.png"><br>際	tế<br> 【border, boundary】*
<img src="6FDF.png"><br>濟	tế<br>to run
<img src="6230.png"><br>戰	chiến<br>war
<img src="7112.png"><br>焒	lửa<br>fire
<img src="24CC7.png"><br>𤳇	trai<br>male; boy, young man
<img src="611F.png"><br>感	cảm<br>【to feel】*
<img src="4F5B.png"><br>佛	phật<br>Buddha
<img src="54ED.png"><br>哭	khóc<br>to cry, to weep, to shed tears
<img src="5E9C.png"><br>府	phủ<br>government; prefecture; prefect
<img src="4E0D.png"><br>不	bất<br>【non-, un-, not】*
<img src="54C1.png"><br>品	phẩm<br>【product, article】*
<img src="7A76.png"><br>究	cứu<br>【to examine, to investigate】*
<img src="6797.png"><br>林	lâm<br>【forest, woods】*
<img src="529F.png"><br>功	công<br>【achievement】*
<img src="213E6.png"><br>𡏦	xây<br>to build
<img src="62D6.png"><br>拖	đỡ<br>to support, to relieve; to hold up
<img src="5305.png"><br>包	bao<br>bag; to wrap, to bundle
<img src="9AD4.png"><br>體	thể<br>【body】*
<img src="5024.png"><br>値	trị<br>【value, worth】*
<img src="6CBB.png"><br>治	trị<br>to cure, to treat; 【to regulate, to administer】*
<img src="7D50.png"><br>結	kết<br>to tie, to knot
<img src="275B1.png"><br>𧖱	máu<br>blood
<img src="5341.png"><br>十	thập<br>【ten】*
<img src="6B50.png"><br>歐	âu<br>just, perhaps; 【european】*
<img src="4ED9.png"><br>仙	tiên<br>fairy, immortal
<img src="5148.png"><br>先	tiên<br>first, firstly
<img src="4E0B.png"><br>下	hạ<br>to lower, to set down, to take down
<img src="3E65.png"><br>㹥	chó<br>dog
<img src="72AC.png"><br>犬	khuyển<br>【dog】*
<img src="6C99.png"><br>沙	sa<br>【sand; granulated】*
<img src="5E97.png"><br>店	tiệm<br>shop
<img src="22720.png"><br>𢜠	mừng<br>happy, glad
<img src="767C.png"><br>發	phát<br>to deliver, to distribute, to issue
<img src="843B.png"><br>萻	ấm<br>warm
<img src="6B64.png"><br>此	thử<br>【this; then】*
<img src="2A004.png"><br>𪀄	chim<br>bird
<img src="5F48.png"><br>彈	đàn<br>group of beings of the same kind, drove, flock, herd; to play on stringed instruments, stringed music instrument
<img src="8001.png"><br>老	lão<br>old, aged
<img src="5272.png"><br>割	cắt<br>to cut; to cut off
<img src="8239.png"><br>船	thuyền<br>ship, boat, vessel
<img src="22EBA.png"><br>𢺺	chia<br>to share; to divide, to split
<img src="7956.png"><br>祖	tổ<br>【ancestor, forefather; grandfather】*
<img src="7D44.png"><br>組	tổ<br>group, team; to form, to organize
<img src="7C93.png"><br>粓	cơm<br>(cooked) rice
<img src="57DF.png"><br>域	vực<br>【area, region, domain, field】*
<img src="6599.png"><br>料	liệu<br>【materials, ingredients】*
<img src="5408.png"><br>合	hợp<br>to fit; to join
<img src="7E54.png"><br>織	chức<br>office; 【to organize】*
<img src="9251.png"><br>鉑	bạc<br>silver
<img src="8005.png"><br>者	giả<br>【the one who, that person】*
<img src="6C34.png"><br>水	thuỷ<br>【water, liquid】*
<img src="4FD7.png"><br>俗	tục<br>vulgar, crude; 【social customs】*
<img src="5ABD.png"><br>媽	má<br>mother
<img src="695B.png"><br>楛	gỗ<br>wood, timber
<img src="4EA4.png"><br>交	giao<br>to deliver, to hand over, to exchange; 【to communicate】*
<img src="7551.png"><br>畑	đèn<br>lamp, light
<img src="22DEE.png"><br>𢷮	đổi<br>to change, to exchange, to switch, to convert
<img src="8209.png"><br>舉	cử<br>to raise; to elect
<img src="7B46.png"><br>筆	bút<br>brush; pen
<img src="6848.png"><br>案	án<br>(legal) case, sentence; small table
<img src="9818.png"><br>領	lãnh<br>to receive; 【to lead】*
<img src="4F5C.png"><br>作	tác<br>【to make, to work, to compose】*
<img src="99AC.png"><br>馬	mã<br>【horse】*
<img src="8272.png"><br>色	sắc<br>color; beauty
<img src="8FF7.png"><br>迷	mê<br>to be fascinated; to loose consciousness, to faint
<img src="6C23.png"><br>氣	khí<br>【air, steam】*
<img src="5E2B.png"><br>師	sư<br>【teacher, master】*
<img src="20C18.png"><br>𠰘	miệng<br>mouth
<img src="2466D.png"><br>𤙭	bò<br>cow, ox, beef
<img src="5A66.png"><br>婦	phụ<br>wife, woman, married woman
<img src="8F14.png"><br>輔	phụ<br>to help, to assist, to aid
<img src="66AB.png"><br>暫	tạm<br>temporary, provisional
<img src="53F2.png"><br>史	sử<br>history
<img src="4F7F.png"><br>使	sứ<br>ambassador; 【envoy, ambassador; to make, to cause, to use】*
<img src="554A.png"><br>啊	à<br>oh, aha, I see
<img src="9B25.png"><br>鬥	đấu<br>to fight, to compete
<img src="6597.png"><br>斗	đấu<br>peck, bushel
<img src="60DC.png"><br>惜	tiếc<br>to regret, to be sorry, to grudge
<img src="552F.png"><br>唯	dạ<br>yes, yes sir, affirmative!
<img src="53CD.png"><br>反	phản<br>to betray, to be disloyal to
<img src="679C.png"><br>果	quả<br>fruit; result
<img src="6912.png"><br>椒	tiêu<br>pepper
<img src="6559.png"><br>教	giáo<br>to teach, to educate
<img src="7CBE.png"><br>精	tinh<br>【pure, clear; essence; spirit; perfect】*
<img src="661F.png"><br>星	tinh<br>【star, planet】*
<img src="798F.png"><br>福	phước<br>happiness
<img src="79D1.png"><br>科	khoa<br>field of study, subject of study
<img src="91CF.png"><br>量	lượng<br>quantity, measure
<img src="8336.png"><br>茶	trà<br>tea; tea plant
<img src="7E01.png"><br>縁	duyên<br>charm, grace, loveliness; 【cause, reason】*
<img src="7F6E.png"><br>置	trí<br>【to place, to set aside】*
<img src="7E87.png"><br>纇	lỗi<br>mistake; fault; error
<img src="52A9.png"><br>助	trợ<br>【to help, to assist】*
<img src="2052D.png"><br>𠔭	tám<br>eight
<img src="5C0F.png"><br>小	tiểu<br>【small, tiny】*
<img src="5F8C.png"><br>後	hậu<br>【after, behind】*
<img src="5165.png"><br>入	nhập<br>to join, to enter; to import
<img src="80FD.png"><br>能	năng<br>【ability, capability, to be able to】*
<img src="847B.png"><br>葻	bông<br>flower
<img src="76EE.png"><br>目	mục<br>section, topic; program item; 【eye】*
<img src="200E9.png"><br>𠃩	chín<br>nine
<img src="85E5.png"><br>藥	dược<br>medicine, pharmacy
<img src="24BC6.png"><br>𤯆	ngon<br>tasty, delicious; well, easy
<img src="29132.png"><br>𩄲	mây<br>cloud
<img src="544C.png"><br>呌	kêu<br>to call; to cry
<img src="26744.png"><br>𦝄	trăng<br>moon
<img src="5632.png"><br>嘲	chào<br>to greet
<img src="7368.png"><br>獨	độc<br>【alone, single】*
<img src="5371.png"><br>危	nguy<br>【dangerous】*
<img src="7AE0.png"><br>章	chương<br>chapter, section
<img src="59B8.png"><br>妸	gã<br>lad, bloke, underdog
<img src="97F3.png"><br>音	âm<br>sound; noise
<img src="9670.png"><br>陰	âm<br>【lunar; female】*
<img src="984C.png"><br>題	đề<br>topic, subject
<img src="63D0.png"><br>提	đề<br>【to hold】*
<img src="7C7A.png"><br>籺	hột<br>grain, seed
<img src="842C.png"><br>萬	vạn<br>ten thousand
<img src="88FD.png"><br>製	chế<br>to manufacture, to produce
<img src="5178.png"><br>典	điển<br>classic written source
<img src="7D4F.png"><br>絏	dây<br>rope; cord; wire; string
<img src="74CA.png"><br>瓊	quỳnh<br>【jade; rare, precious; elegant】*
<img src="529B.png"><br>力	lực<br>force, strength
<img src="5185.png"><br>内	nội<br>inside; paternal
<img src="5F85.png"><br>待	đợi<br>to wait
<img src="591A.png"><br>多	đa<br>many; much; numerous
<img src="732B.png"><br>猫	mèo<br>cat
<img src="7881.png"><br>碁	cờ<br>chess
<img src="53E3.png"><br>口	khẩu<br>【mouth; entrance; gate】*
<img src="6069.png"><br>恩	ơn<br>favour; 【kindness, mercy】*
<img src="9650.png"><br>限	hạn<br>limit; term
<img src="5A92.png"><br>媒	môi<br>【medium, intermediary, agent, go-between】*
<img src="8B49.png"><br>證	chứng<br>evidence, proof
<img src="97FF.png"><br>響	hưởng<br>【to make noise; sound】*
<img src="237EE.png"><br>𣟮	mềm<br>soft; tender
<img src="5730.png"><br>地	địa<br>【earth, soil, ground】*
<img src="9593.png"><br>間	gian<br>【space, interval; between】*
<img src="571F.png"><br>土	thổ<br>earch; soil
<img src="7AF6.png"><br>競	cạnh<br>【to compete】*
<img src="5740.png"><br>址	chỉ<br>【site, location】*
<img src="5931.png"><br>失	thất<br>【to lose; to make a mistake】*
<img src="66C6.png"><br>曆	lịch<br>calendar
<img src="6B77.png"><br>歷	lịch<br>【passing, successive, throughout; past, historic】*
<img src="4ED6.png"><br>他	thà<br>rather, better
<img src="674F.png"><br>杏	hạnh<br>apricot tree
<img src="5E78.png"><br>幸	hạnh<br>【luck, fortunate】*
<img src="51FA.png"><br>出	xuất<br> 【to go out; to produce】*
<img src="53CA.png"><br>及	cập<br>to land, to lay alongside; 【to reach, to arrive】*
<img src="25F98.png"><br>𥾘	sợi<br>fibre; filament
<img src="7B97.png"><br>算	toán<br>【to count, to calculate, to plan】*
<img src="593E.png"><br>夾	giáp<br>bordering, adjacent, near
<img src="6F22.png"><br>漢	hán<br>【Chinese; Chinese language】*
<img src="574A.png"><br>坊	phường<br>ward, urban subdistrict
<img src="82F1.png"><br>英	anh<br>England; english; 【brave, hero; petal, flower】*
<img src="8A9E.png"><br>語	ngữ<br>【language】*
<img src="4E8C.png"><br>二	nhì<br>【two】*
<img src="8C6B.png"><br>豫	dựa<br>to lean on; to stand against
<img src="76D2.png"><br>盒	hộp<br>box, case
<img src="5AE9.png"><br>嫩	non<br>young, tender, green; premature; mild
<img src="21F6B.png"><br>𡽫	non<br>mountain
<img src="8AD6.png"><br>論	luận<br>to debate, to discuss; essay
<img src="84EE.png"><br>蓮	sen<br>lotus, water lily
<img src="795D.png"><br>祝	chúc<br>to wish so. sth.
<img src="5C55.png"><br>展	triển<br>【to open, to extend】*
<img src="21255.png"><br>𡉕	hòn<br>hill; small island; ball, piece
<img src="4EF6.png"><br>件	kiện<br>item; case; matter; to sue
<img src="8FD1.png"><br>近	cận<br>near, close
<img src="5DFE.png"><br>巾	khăn<br>towel
<img src="820D.png"><br>舍	xá<br>【house, dwelling】*
<img src="8A5E.png"><br>詞	từ<br>word; phrase
<img src="22A6E.png"><br>𢩮	dắt<br>to lead; to tow; to guide
<img src="2139D.png"><br>𡎝	cõi<br>world; country, region
<img src="7562.png"><br>畢	tất<br>all, whole; 【finish, complete】*
<img src="5FC5.png"><br>必	tất<br>surely, of course
<img src="7B2C.png"><br>第	đệ<br>【sequence, number】*
<img src="71DF.png"><br>營	doanh<br>【to manage; barracks, casern, encampment】*
<img src="706B.png"><br>火	hoả<br>【fire, flame; anger, rage】*
<img src="5582.png"><br>喂	ôi<br>oh
<img src="2412F.png"><br>𤄯	trong<br>clear, pure
<img src="27FC6.png"><br>𧿆	dãy<br>row, chain, series
<img src="20CD0.png"><br>𠳐	vâng<br>yes, all right
<img src="7136.png"><br>然	nhiên<br>【so, like that】*
<img src="8A00.png"><br>言	ngôn<br>【speech; to speak】*
<img src="7CFB.png"><br>系	hệ<br>system, branch
<img src="4FC2.png"><br>係	hệ<br>【to relate to, to connect】*
<img src="885B.png"><br>衛	vệ<br>【to guard, to protect】*
<img src="4F35.png"><br>伵	tớ<br>servant; I, my, me
<img src="9B5A.png"><br>魚	ngư<br>【fish】*
<img src="57F7.png"><br>執	chấp<br>【to execute; to grasp, to seize】*
<img src="65A4.png"><br>斤	cân<br>to weigh; scale, balance; weight; kilogram
<img src="52B8.png"><br>劸	khoẻ<br>healthy, strong
<img src="4E94.png"><br>五	ngũ<br>【five】*
<img src="554F.png"><br>問	vấn<br>【to ask, to inquire】*
<img src="6068.png"><br>恨	hận<br>hatred; resentiment
<img src="9280.png"><br>銀	ngân<br>【money, cash】*
<img src="74E6.png"><br>瓦	ngói<br>tile
<img src="67E5.png"><br>查	tra<br>to seek, to look up (in a dictionary); to investigate
<img src="5583.png"><br>喃	nôm<br>nôm
<img src="8DEA.png"><br>跪	quỳ<br>to kneel
<img src="708A.png"><br>炊	sôi<br>to boil
<img src="7523.png"><br>産	sản<br>【to give birth】*
<img src="5B54.png"><br>孔	khổng<br>【emptiness, hollow, hole, opening】*
<img src="6C7A.png"><br>決	quyết<br>to decide, to determine
<img src="58D3.png"><br>壓	áp<br>to press against, to oppress
<img src="5112.png"><br>儒	nho<br>【Confucian scholar】*
<img src="6539.png"><br>改	cải<br>to change, to alter, to reform, to correct
<img src="8003.png"><br>考	khảo<br>【to verify, to test, to examine】*
<img src="4E43.png"><br>乃	nấy<br>that (one), that (person or thing)
<img src="22A7F.png"><br>𢩿	sẻ<br>to divide, to share
<img src="6CA1.png"><br>没	một<br>【to sink; to have not】*; also: number one (see 𠬠)
<img src="7D00.png"><br>紀	kỷ<br>period
<img src="31F6.png"><br>ㇶ	chuỷ<br>(iteration mark)
<img src="4E92.png"><br>互	hỗ<br>【mutually, reciprocally】*
<img src="25FD7.png"><br>𥿗	chỉ<br>thread; yarn
<img src="4ED5.png"><br>仕	xảy<br>(see: xảy ra)
<img src="6B62.png"><br>止	chỉ<br>【to stop; to detain】*
<img src="31F4.png"><br>ㇴ	lại<br>(iteration mark)
<img src="232BE.png"><br>𣊾	bây<br>【this, that】*
<img src="9CE5.png"><br>鳥	điểu<br>【bird】*
<img src="6094.png"><br>悔	hối<br>to repent; to regret; to rue
<img src="9952.png"><br>饒	nhiêu<br>how many; (quantity)
<img src="22B72.png"><br>𢭲	vói<br>to reach sth.
<img src="96AA.png"><br>險	hiểm<br>dangerous, risky
<img src="8FFA.png"><br>迺	nãy<br>just (now), only just, a short while ago
<img src="5478.png"><br>呸	bậy<br>wrong
<img src="7814.png"><br>研	nghiên<br>【study, research】*
<img src="25F62.png"><br>𥽢	phèn<br>alum
<img src="7F8E.png"><br>美	mỹ<br>beautiful; America; american
